green x,green y,yellow x,yellow y,arrow x,arrow y
-0.012048193,0.786666667,-0.804551539,-0.058666667,0.303882195,0.197333333
0.467202142,0.946666667,-0.716198126,-0.045333333,0.949129853,0.197333333
0.58768407,-0.034666667,-0.469879518,-0.704,0.938420348,0.149333333
0.941097724,-0.885333333,,,-0.057563588,-0.416
,,,,-0.520749665,-0.325333333
,,,,-0.892904953,-0.186666667
,,,,-0.962516734,-0.189333333